main_text,subtext
Hybrid Tomato\n'Better Boy',Test tomato
Hybrid Tomato\n'Better Boy',Test tomato
Hybrid Tomato\n'Better Boy',Test tomato
Hybrid Tomato\n'Better Boy',Test tomato
Hybrid Tomato\n'Better Boy',Test tomato
Hybrid Tomato\n'Better Boy',Test tomato
Hybrid Tomato\n'Better Boy',Test tomato
Hybrid Tomato\n'Better Boy',Test tomato
Hybrid Tomato\n'Better Boy',Test tomato
Hybrid Tomato\n'Better Boy',Test tomato
Hybrid Tomato\n'Better Boy',Test tomato
Hybrid Tomato\n'Better Boy',Test tomato
Hybrid Tomato\n'Better Boy',Test tomato
Hybrid Tomato\n'Better Boy',Test tomato
Hybrid Tomato\n'Better Boy',Scientific
Hybrid Tomato\n'Better Boy',Scientific
Hybrid Tomato\n'Better Boy',Scientific
Hybrid Tomato\n'Better Boy',Scientific
Hybrid Tomato\n'Better Boy',Scientific
Hybrid Tomato\n'Better Boy',Scientific
Hybrid Tomato\n'Better Boy',Scientific
Hybrid Tomato\n'Better Boy',Scientific
Hybrid Tomato\n'Better Boy',Scientific
Hybrid Tomato\n'Better Boy',Scientific
Hybrid Tomato\n'Better Boy',Scientific
Hybrid Tomato\n'Better Boy',Scientific
Tomato test,Tomato test 2
Tomato test,Tomato test 2
Tomato test,Tomato test 2
Tomato test,Tomato test 2
Tomato test,Tomato test 2
Tomato test,Tomato test 2
Tomato test,Tomato test 2
Tomato test,Tomato test 2
Tomato test,Tomato test 2
Tomato test,Tomato test 2
Tomato test,Tomato test 2
Tomato test,Tomato test 2
Tomato test,Tomato test 2
Tomato test,Tomato test 2
Pine Mountain Sage,Tomato test 2
Pine Mountain Sage,Tomato test 2
Pine Mountain Sage,Salvia semiatrata
Pine Mountain Sage,Salvia semiatrata
Pine Mountain Sage,Salvia semiatrata
Pine Mountain Sage,Salvia semiatrata
Pine Mountain Sage,Salvia semiatrata
Pine Mountain Sage,Salvia semiatrata
Pine Mountain Sage,Salvia semiatrata
Pine Mountain Sage,Salvia semiatrata
Pine Mountain Sage,Salvia semiatrata
Pine Mountain Sage,Salvia semiatrata
Pine Mountain Sage,Salvia semiatrata
Pine Mountain Sage,Salvia semiatrata
Pine Mountain Sage,Salvia semiatrata
Pine Mountain Sage,Salvia semiatrata
Red Mountain Sage,Salvia darcyi
Red Mountain Sage,Salvia darcyi
Brazilian Verbena,Venoana bonariensis
Brazilian Verbena,Venoana bonariensis
Moringa,Moringa oleifera
Chives,Allium schoenoprasum
Chives,Allium schoenoprasum
Pink Hollyhock Tree,Hibiscus splendens
Pink Hollyhock Tree,Hibiscus splendens
Blue Hyssops,Hyssopus officinalis
Pink China Rose,Hibiscus rosa-sinensis 'Pink Flower'
Pink China Rose,Hibiscus rosa-sinensis 'Pink Flower'
Ruffled Pink Candycane Hibiscus,Hibiscus syriacus 'Pink Candycane Ruffle'
Ruffled Pink Candycane Hibiscus,Hibiscus syriacus 'Pink Candycane Ruffle'
Heirloom Double Feverfew,"Chrysanthemum, parthenium, 'White Wonder'"
Heirloom Double Feverfew,"Chrysanthemum, parthenium, 'White Wonder'"
Lemongrass,Cymbopogon flexuosus
Lemongrass,Cymbopogon flexuosus
Campfire rudbeckia,Rudbeckia hirta
Campfire rudbeckia,Rudbeckia hirta
Campfire Rudbeckia,Rudbeckia hirta
Campfire Rudbeckia,Rudbeckia hirta
Butterfly Pea,Clitoria purpurea
Butterfly Pea,Clitoria purpurea
Flowerburst Fruitbowl Yarrow,Achillea millefolium 'Flowerburst Fruitbowl'
Flowerburst Fruitbowl Yarrow,Achillea millefolium 'Flowerburst Fruitbowl'
Bell Pepper Hybrid,'Golden Star F1'
Bell Pepper Hybrid,'Golden Star F1'
Bell Pepper Hybrid,'Golden Star F1'
Bell Pepper Hybrid,'Golden Star F1'
Bell Pepper Hybrid,'Golden Star F1'
Bell Pepper Hybrid,'Golden Star F1'
Bell Pepper Hybrid,'Golden Star F1'
Bell Pepper Hybrid,'Golden Star F1'
Bell Pepper Hybrid,'Golden Star F1'
Bell Pepper Hybrid,'Golden Star F1'
Bell Pepper Hybrid,'Golden Star F1'
Bell Pepper Hybrid,'Golden Star F1'
Bell Pepper Hybrid,'Golden Star F1'
Bell Pepper Hybrid,'Golden Star F1'
Bell Pepper Hybrid,'Golden Star F1'
Bell Pepper Hybrid,'Golden Star F1'
Bell Pepper Hybrid,'Golden Star F1'
Bell Pepper Hybrid,'Golden Star F1'
Bell Pepper Hybrid,'Golden Star F1'
Bell Pepper Hybrid,'Golden Star F1'
Bell Pepper Hybrid lkansasljkanslggnlanlasnkgasg,'Golden Star F1'
Bell Pepper Hybrid lkansasljkanslggnlanlasnkgasg,'Golden Star F1'
Bell Pepper Hybrid,'Golden Star F1'
Bell Pepper Hybrid,'Golden Star F1'
Bell Pepper Hybrid,'Golden Star F1'
Bell Pepper Hybrid,'Golden Star F1'
Bell Pepper Hybrid,'Golden Star F1'
Bell Pepper Hybrid,'Golden Star F1'
Bell Pepper Hybrid,'Golden Star F1'
Bell Pepper Hybrid,'Golden Star F1'
Bell Pepper Hybrid,'Golden Star F1'
Bell Pepper Hybrid,'Golden Star F1'
Bell Pepper Hybrid,'Golden Star F1'
Bell Pepper Hybrid,'Golden Star F1'
Bell Pepper Hybrid,'Golden Star F1'
Bell Pepper Hybrid,'Golden Star F1'
Bell Pepper Hybrid,'Golden Star F1'
Bell Pepper Hybrid,'Golden Star F1'
Bell Pepper Hybrid,'Golden Star F1'
Bell Pepper Hybrid,'Golden Star F1'
Bell Pepper Hybrid,'Golden Star F1'
Bell Pepper Hybrid,'Golden Star F1'
Bell Pepper Hybrid,'Golden Star F1'
Bell Pepper Hybrid,'Golden Star F1'
Bell Pepper Hybrid,'Golden Star F1'
Bell Pepper Hybrid,'Golden Star F1'
Bell Pepper Hybrid,'Golden Star F1'
Bell Pepper Hybrid,'Golden Star F1'
Bell Pepper Hybrid,'Golden Star F1'
Bell Pepper Hybrid,'Golden Star F1'
Bell Pepper Hybrid,'Golden Star F1'
Bell Pepper Hybrid,'Golden Star F1'
Bell Pepper Hybrid,'Golden Star F1'
Bell Pepper Hybrid,'Golden Star F1'
Bell Pepper Hybrid,'Golden Star F1'
Bell Pepper Hybrid,'Golden Star F1'
Bell Pepper Hybrid,'Golden Star F1'
Bell Pepper Hybrid,'Golden Star F1'
Bell Pepper Hybrid,'Golden Star F1'
Bell Pepper Hybrid,'Golden Star F1'
Bell Pepper Hybrid,'Golden Star F1'
Bell Pepper Hybrid,'Golden Star F1'
Bell Pepper Hybrid,'Golden Star F1'
Bell Pepper Hybrid,'Golden Star F1'
Bell Pepper Hybrid,'Golden Star F1'
Bell Pepper Hybrid,'Golden Star F1'
Bell Pepper Hybrid,'Golden Star F1'
Bell Pepper Hybrid,'Golden Star F1'
Bell Pepper Hybrid,'Golden Star F1'
Bell Pepper Hybrid,'Golden Star F1'
Bell Pepper Hybrid,'Golden Star F1'
Bell Pepper Hybrid,'Golden Star F1'
Bell Pepper Hybrid,'Golden Star F1'
Bell Pepper Hybrid,'Golden Star F1'
Bell Pepper Hybrid,'Golden Star F1'
Bell Pepper Hybrid,'Golden Star F1'
Bell Pepper Hybrid,'Golden Star F1'
Bell Pepper Hybrid,'Golden Star F1'
Bell Pepper Hybrid,'Golden Star F1'
Bell Pepper Hybrid,'Golden Star F1'
Moldavian Dragonhead Balm,Dracocephalum moldavica
Moldavian Dragonhead Balm,Dracocephalum moldavica
Redleaf Amaranth,Amaranthus cruentus
Redleaf Amaranth,Amaranthus cruentus
Red-Leaf Amaranth,Amaranthus cruentus
Red-Leaf Amaranth,Amaranthus cruentus
Red-leaf Amaranth,Amaranthus cruentus
Red-leaf Amaranth,Amaranthus cruentus
Red-leaf Amaranth,Amaranthus cruentus
Red-leaf Amaranth,Amaranthus cruentus
Cape Gooseberry,Physalis peruviana
Cape Gooseberry,Physalis peruviana
"Ambrette, Muskh Dana",Abelmoschus moschatus
"Ambrette, Muskh Dana",Abelmoschus moschatus
Ambrette (Muskh Dana),Abelmoschus moschatus
Ambrette (Muskh Dana),Abelmoschus moschatus
Strawberry Groundcherry,Physalis pruinosa 'Aunt Molly'
Strawberry Groundcherry,Physalis pruinosa 'Aunt Molly'
Red Malabar Spinach,Basella alba
Red Malabar Spinach,Basella alba
Red Malabar Spinach,Basella alba
Red Malabar Spinach,Basella alba
Red Malabar Spinach,Basella alba
Red Malabar Spinach,Basella alba
Red Malabar Spinach,Basella alba
Red Malabar Spinach,Basella alba
Red Malabar Spinach,Basella alba
Red Malabar Spinach,Basella alba
Red Malabar Spinach,Basella alba
Red Malabar Spinach,test,Basella alba
Red Malabar Spinach,test,Basella alba
Red Malabar Spinach,'',Basella alba
Red Malabar Spinach,'',Basella alba
Red Malabar Spinach,Test Cultivar,Basella alba
Red Malabar Spinach,Test Cultivar,Basella alba
Red Malabar Spinach,Test Cultivar,Basella alba
Red Malabar Spinach,Test Cultivar,Basella alba
Eggplant,'Nagaoka Kinchaku',Basella alba
Eggplant,'Nagaoka Kinchaku',Basella alba
Eggplant,'Nagaoka Kinchaku',Basella alba
Eggplant,'Nagaoka Kinchaku',Basella alba
Eggplant,Nagaoka Kinchaku,Basella alba
Eggplant,Nagaoka Kinchaku,Basella alba
Eggplant,Nagaoka Kinchaku,Basella alba
Eggplant,Nagaoka Kinchaku,Basella alba
Eggplant,Nagaoka Kinchaku,Basella alba
Eggplant,Nagaoka Kinchaku,Basella alba
Eggplant,Nagaoka Kinchaku',Basella alba
Eggplant,Nagaoka Kinchaku',Basella alba
Eggplant,Nagaoka Kinchaku,Basella alba
Eggplant,Nagaoka Kinchaku,Basella alba
Eggplant,Nagaoka Kinchaku,Wide Japanese eggplant
Eggplant,Nagaoka Kinchaku,Wide Japanese eggplant
Eggplant,Nagaoka Kinchaku,Squat Japanese eggplant
Eggplant,Nagaoka Kinchaku,Squat Japanese eggplant
Eggplant,Nagaoka Kinchaku,Wide Japanese eggplant
Eggplant,Nagaoka Kinchaku,Wide Japanese eggplant
Eggplant,Long Purple,"8""-10"" long"
Eggplant,Long Purple,"8""-10"" long"
Eggplant,Long Purple,"8""-10"", firm"
Eggplant,Long Purple,"8""-10"", firm"
Eggplant,Long Purple,"8""-10"", firm"
Eggplant,Long Purple,"8""-10"", firm"
Hybrid Eggplant,Midnight Moon,"Pear-shaped, squat"
Hybrid Eggplant,Midnight Moon,"Pear-shaped, squat"
Hybrid Eggplant,Midnight Moon,"Pear-shaped, squat, dark"
Hybrid Eggplant,Midnight Moon,"Pear-shaped, squat, dark"
Eggplant,Little Fingers,Snack-sized purple bunches
Eggplant,Little Fingers,Snack-sized purple bunches
Eggplant,Little Fingers,Snack-sized bunches
Eggplant,Little Fingers,Snack-sized bunches
Basil,'Persian',Also known as Reyhan
Basil,'Persian',Also known as Reyhan
Basil 'Persian', ,Also known as Reyhan
Basil 'Persian', ,Also known as Reyhan
Basil 'Persian', ,Also known as Reyhan
Basil 'Persian', ,Also known as Reyhan
Basil 'Persian', ,Known in Persia as Reyhan
Basil 'Persian', ,Known in Persia as Reyhan
Basil 'Persian', ,Known in Persia as Reyhan
Basil 'Persian', ,Known in Persia as Reyhan
Basil 'Persian', ,Known in Persia as Reyhan
Basil 'Persian', ,Known in Persia as Reyhan
Sweet Pepper,Ajvarski,"red yellow or green, always sweet"
Sweet Pepper,Ajvarski,"red yellow or green, always sweet"
Sweet Pepper,Ajvarski,"Red yellow or green, always sweet"
Sweet Pepper,Ajvarski,"Red yellow or green, always sweet"
Bell Pepper,Purple Beauty,Deep purple and crisp
Bell Pepper,Purple Beauty,Deep purple and crisp
Bell Pepper,Purple Beauty,Deep purple and crisp
Bell Pepper,Purple Beauty,Deep purple and crisp
Tomato,Costoluto,Heavily-lobed Italian Heirloom
Tomato,Costoluto,Heavily-lobed Italian Heirloom
Tomato,Costoluto,Heavily-lobed Italian Heirloom
Tomato,Costoluto,Heavily-lobed Italian Heirloom
Tomato,Costoluto,Heavily-lobed Italian Heirloom
Tomato,Costoluto,Heavily-lobed Italian Heirloom
Tomato,Costoluto Genovese,Heavily-lobed Italian Heirloom
Tomato,Costoluto Genovese,Heavily-lobed Italian Heirloom
Tomato Hybrid,'Sungold',Heavily-lobed Italian Heirloom
Tomato Hybrid,'Sungold',Heavily-lobed Italian Heirloom
Tomato Hybrid,'Sungold',Heavily-lobed Italian Heirloom
Tomato Hybrid,'Sungold',Heavily-lobed Italian Heirloom
Tomato Hybrid,'Sungold',Heavily-lobed Italian Heirloom
Tomato Hybrid,'Sungold',Heavily-lobed Italian Heirloom
Tomato Hybrid,'Sungold',Heavily-lobed Italian Heirloom
Tomato Hybrid,'Sungold',Heavily-lobed Italian Heirloom
Tomato Hybrid,'Sungold',Heavily-lobed Italian Heirloom
Tomato Hybrid,'Sungold',Heavily-lobed Italian Heirloom
Tomato Hybrid,'Sungold',Heavily-lobed Italian Heirloom
Tomato Hybrid,'Sungold',Heavily-lobed Italian Heirloom
Tomato Hybrid,'Sungold',Heavily-lobed Italian Heirloom
Tomato Hybrid,'Sungold',Heavily-lobed Italian Heirloom
Tomato Hybrid,'Sungold',Heavily-lobed Italian Heirloom
Tomato Hybrid,'Sungold',Heavily-lobed Italian Heirloom
Tomato Hybrid,'Sungold',Heavily-lobed Italian Heirloom
Tomato Hybrid,'Sungold',Heavily-lobed Italian Heirloom
Tomato Hybrid,'Sungold',Bright yellow cherry tomato
Tomato Hybrid,'Sungold',Bright yellow cherry tomato
Tomato Hybrid,'Sungold',Bright yellow cherry tomato
Tomato Hybrid,'Sungold',Bright yellow cherry tomato
Muskmallow, ,Malva moschata
Muskmallow, ,Malva moschata
Muskmallow, ,Malva moschata
Muskmallow, ,Malva moschata
Muskmallow, ,Malva moschata 'Mushk Dana'
Muskmallow, ,Malva moschata 'Mushk Dana'
"Ambrette, Muskmallow", ,Abelmoschus moschatus 'Mushk Dana'
"Ambrette, Muskmallow", ,Abelmoschus moschatus 'Mushk Dana'
Ambrette Plant, ,Abelmoschus moschatus 'Mushk Dana'
Ambrette Plant, ,Abelmoschus moschatus 'Mushk Dana'
Ambrette Plant, ,Abelmoschus moschatus 'Mushk Dana'
Ambrette Plant, ,Abelmoschus moschatus 'Mushk Dana'
Ambrette (Muskh Dana)b,b,c
Ambrette (Muskh Dana)b,b,c
"1!@!^!^@#^!!''""""``",b,c
"1!@!^!^@#^!!''""""``",b,c
"1!@!^!^@#^!!''""""``",b,c
"1!@!^!^@#^!!''""""``",b,c
"1!@!^!^@#^!!''""""``",b,c
"1!@!^!^@#^!!''""""``",b,c
"1!@!^!^@#^!!''""""``",b,c
"1!@!^!^@#^!!''""""``",b,c
"1!@!^!^@#^!!''""""``",b,c
a,b,c
a,b,c
aa,bb,cc
aa,bb,cc
Tomato,'Orange Roma',"Firm, sweet, orange roma tomatoes"
Tomato,'Orange Roma',"Firm, sweet, orange roma tomatoes"
Tomato,'Orange Roma',"Firm, sweet, tomatoes"
Tomato,'Orange Roma',"Firm, sweet, tomatoes"
Tomato,'Orange Roma',Roma type
Tomato,'Orange Roma',Roma type
Tomato,'Orange Roma',Roma type
Tomato,'Orange Roma',Roma type
Tomato,'Orange Roma',"Sweet, firm roma"
Tomato,'Orange Roma',"Sweet, firm roma"
Tomato,'Orange Roma',"Sweet, firm roma tomatoes"
Tomato,'Orange Roma',"Sweet, firm roma tomatoes"
Tomato,'Orange Roma',"Sweet, firm, roma tomatoes"
Tomato,'Orange Roma',"Sweet, firm, roma tomatoes"
Tomato,'Orange Roma',"Sweet, firm, roma tomatoes"
Tomato,'Orange Roma',"Sweet, firm, roma tomatoes"
Tomato,'Orange Roma',"Sweet, firm, roma tomatoes"
Tomato,'Orange Roma',"Sweet, firm, roma tomatoes"
Tomato,'Orange Roma',"Sweet, firm, roma tomatoes"
Tomato,'Orange Roma',"Sweet, firm, roma tomatoes"
Tomato,'Orange Roma',"Sweet, firm, roma tomatoes"
Tomato,'Orange Roma',"Sweet, firm, roma tomatoes"
Tomato,'Hartman's Yellow Gooseberry',Bright yellow bunches of cherry tomatoes
Tomato,'Hartman's Yellow Gooseberry',Bright yellow bunches of cherry tomatoes
Tomato,'Hartman's Yellow Gooseberry',Bite-sized bright yellow bunches
Tomato,'Hartman's Yellow Gooseberry',Bite-sized bright yellow bunches
Tomato,'Hartman's Yellow Gooseberry',Bright yellow cherry-type bunches
Tomato,'Hartman's Yellow Gooseberry',Bright yellow cherry-type bunches
Tomato,'Indigo Blue Chocolate',"Red-and-brown, smoky flavor"
Tomato,'Indigo Blue Chocolate',"Red-and-brown, smoky flavor"
Tomato,'Hungarian Heart',Heart-shaped beefsteaks
Tomato,'Hungarian Heart',Heart-shaped beefsteaks
Tomato,'Bread and Salt',Heart-shaped beefsteaks
Tomato,'Bread and Salt',Heart-shaped beefsteaks
Tomato,'Bread and Salt',Oxheart beefsteak
Tomato,'Bread and Salt',Oxheart beefsteak
Tomato,'Bread and Salt',Red oxheart beefsteak
Tomato,'Bread and Salt',Red oxheart beefsteak
Tomato,'San Marzano',Extra-long plum tomatoes
Tomato,'San Marzano',Extra-long plum tomatoes
Tomato,'Midnight Pear Cherry',"Brown, bite-sized, and pear-shaped"
Tomato,'Midnight Pear Cherry',"Brown, bite-sized, and pear-shaped"
"Tomato, heirloom",'Ace 55',Heirloom bush tomato
"Tomato, heirloom",'Ace 55',Heirloom bush tomato
Tomato,'Ace 55',Heirloom bush tomato
Tomato,'Ace 55',Heirloom bush tomato
Basil,'Sweet', 
Basil,'Sweet', 
Basil 'Sweet', , 
Basil 'Sweet', , 
Basil 'Sweet', , Classic sweet basil
Basil 'Sweet', , Classic sweet basil
Basil 'Italian Pesto', ,Great for sauces!
Basil 'Italian Pesto', ,Great for sauces!
Tomato,'Orange Icicle',Heirloom plum tomato
Tomato,'Orange Icicle',Heirloom plum tomato
"Tomato, heirloom",'Orange Icicle',Bright orange plum tomato
"Tomato, heirloom",'Orange Icicle',Bright orange plum tomato
"Tomatillo, heirloom",'Purple',Great in salsa
"Tomatillo, heirloom",'Purple',Great in salsa
"Tomatillo, heirloom",'Purple',For tangy purple salsa
"Tomatillo, heirloom",'Purple',For tangy purple salsa
"Tomatillo, heirloom",'Chupon de Malinalco',Bright yellow
Tomatillo,'Chupon de Malinalco',Bright yellow
Tomatillo,'Chupon de Malinalco',Bright yellow
Tomatillo,'Chupon de Malinalco',Bright yellow color
Tomatillo,'Chupon de Malinalco',Bright yellow color
"Tomato, hybrid",'Gum Drop Brown' F1,Bright yellow color
"Tomato, hybrid",'Gum Drop Brown' F1,Bright yellow color
"Tomato, hybrid",'Gum Drop Brown' F1,Cherry tomato with red and brown streaks
"Tomato, hybrid",'Gum Drop Brown' F1,Cherry tomato with red and brown streaks
"Tomato, hybrid",'Gum Drop Brown' F1,"Cherry, red and brown streaks"
"Tomato, hybrid",'Gum Drop Brown' F1,"Cherry, red and brown streaks"
"Tomato, hybrid",'Gum Drop Brown' F1,"Cherry type, red and brown streaks"
"Tomato, hybrid",'Gum Drop Brown' F1,"Cherry type, red and brown streaks"
"Tomato, hybrid",'Gum Drop Brown' F1,"Cherry type, red and brown streaks"
"Tomato, hybrid",'Gum Drop Brown' F1,"Cherry type, red and brown streaks"
"Tomato, hybrid",'Gum Drop Brown' F1,"Cherry type, red and brown streaks"
"Tomato, hybrid",'Gum Drop Brown' F1,"Cherry type, red and brown streaks"
"Tomato, hybrid",'Gum Drop Brown' F1,"Cherry type, red and brown streaks"
"Tomato, hybrid",'Gum Drop Brown' F1,"Cherry type, red and brown streaks"
"Tomato, hybrid",'Gum Drop Brown' F1,"Cherry type, red and brown streaks"
"Tomato, hybrid",'Gum Drop Brown' F1,"Cherry type, red and brown streaks"
"Tomato, hybrid",'Gum Drop Brown' F1,"Cherry type, red and brown streaks"
"Tomato, hybrid",'Gum Drop Brown' F1,"Cherry type, red and brown streaks"
"Tomato, hybrid",'Gum Drop Brown' F1,"Cherry type, red and brown streaks"
"Tomato, hybrid",'Gum Drop Brown' F1,"Cherry type, red and brown streaks"
"Tomato, hybrid",'Gum Drop Brown' F1,"Cherry type, red and brown streaks"
"Tomato, hybrid",'Gum Drop Brown' F1,"Cherry type, red and brown streaks"
"Tomato, hybrid",'Gum Drop Brown' F1,"Cherry type, red and brown streaks"
"Tomato, hybrid",'Gum Drop Brown' F1,"Cherry type, red and brown streaks"
"Tomato, hybrid",'Gum Drop Brown' F1,"Cherry type, red and brown streaks"
"Tomato, hybrid",'Gum Drop Brown' F1,"Cherry type, red and brown streaks"
"Tomato, hybrid",'Gum Drop Brown' F1,"Cherry type, red and brown streaks"
"Tomato, hybrid",'Gum Drop Brown' F1,"Cherry type, red and brown streaks"
"Tomato, hybrid",'Gum Drop Brown' F1,"Cherry type, red and brown streaks"
"Tomato, hybrid",'Gum Drop Brown' F1,"Cherry type, red and brown streaks"
"Tomato, hybrid",'Gum Drop Brown' F1,"Cherry type, red and brown streaks"
"Tomato, hybrid",'Gum Drop Brown' F1,"Cherry type, red and brown streaks"
"Tomato, plum type",'Brad's Atomic Grape',"Multicolored, iridescent"
"Tomato, plum type",'Brad's Atomic Grape',"Multicolored, iridescent"
"Tomato, plum-type",'Brad's Atomic Grape',"Multicolored, iridescent"
"Tomato, plum-type",'Brad's Atomic Grape',"Multicolored, iridescent"
"Tomato, plum-type",'Brad's Atomic Grape',"Multicolored, iridescent"
"Tomato, plum-type",'Brad's Atomic Grape',"Multicolored, iridescent"
Cherry Tomato,'Barry's Crazy Cherry',"Multicolored, iridescent"
Cherry Tomato,'Barry's Crazy Cherry',"Multicolored, iridescent"
Cherry Tomato,'Barry's Crazy Cherry',"Dense, yellow bunches"
Cherry Tomato,'Barry's Crazy Cherry',"Dense, yellow bunches"
Cherry Tomato,'Barry's Crazy Cherry',Dense yellow bunches
Cherry Tomato,'Barry's Crazy Cherry',Dense yellow bunches
Cherry Tomato,'Barry's Crazy Cherry',Dense yellow bunches
Cherry Tomato,'Barry's Crazy Cherry',Dense yellow bunches
Cherry Tomato,'Barry's Crazy Cherry',Dense yellow bunches
Cherry Tomato,'Barry's Crazy Cherry',Dense yellow bunches
Cherry Tomato,'Barry's Crazy Cherry',Dense yellow bunches
Cherry Tomato,'Barry's Crazy Cherry',Dense yellow bunches
Cherry Tomato,'Barry's Crazy Cherry',Dense yellow bunches
Cherry Tomato,'Barry's Crazy Cherry',Dense yellow bunches
Plum Tomato,'Prarie Fire',"Sweet, orange-streaked"
Plum Tomato,'Prarie Fire',"Sweet, orange-streaked"
Plum Tomato,'Prarie Fire',"Sweet, orange-streaked"
Plum Tomato,'Prarie Fire',"Sweet, orange-streaked"
Plum Tomato,'Prarie Fire',"Sweet, orange-streaked"
Plum Tomato,'Prarie Fire',"Sweet, orange-streaked"
Plum Tomato,'Prarie Fire',"Sweet, orange-streaked"
Plum Tomato,'Prarie Fire',"Sweet, orange-streaked"
Plum Tomato,'Prarie Fire',"Sweet, orange-streaked"
Plum Tomato,'Prarie Fire',"Sweet, orange-streaked"
Plum Tomato,'Prarie Fire',"Sweet, orange-streaked"
Plum Tomato,'Prairie Fire',"Sweet, orange-streaked"
Plum Tomato,'Prairie Fire',"Sweet, orange-streaked"
Plum Tomato,'Prairie Fire',"Sweet, orange-streaked"
Plum Tomato,'Prairie Fire',"Sweet, orange-streaked"
Plum Tomato,'Prairie Fire',"Sweet, orange-streaked"
Plum Tomato,'Prairie Fire',"Sweet, orange-streaked"
Beefsteak Tomato,'Big Rainbow',Yellow-streaked beefsteak
Beefsteak Tomato,'Big Rainbow',Yellow-streaked beefsteak
Beefsteak Tomato,'Big Rainbow',Yellow-streaked beefsteak
Beefsteak Tomato,'Big Rainbow',Yellow-streaked beefsteak
Beefsteak Tomato,'Big Rainbow',Yellow-streaked beefsteak
Beefsteak Tomato,'Big Rainbow',Yellow-streaked beefsteak
Black Cherry Tomato,'Black Cherry',Sweet black cherry flavor
Black Cherry Tomato,'Black Cherry',Sweet black cherry flavor
Black Cherry Tomato,'Black Cherry',Sweet black cherry flavor
Black Cherry Tomato,'Black Cherry',Sweet black cherry flavor
Basil,'Lettuce Leaf',Large sweet leaves
Basil,'Lettuce Leaf',Large sweet leaves
Basil 'Lettuce Leaf', ,Large sweet leaves
Basil 'Lettuce Leaf', ,Large sweet leaves
Basil 'Lettuce Leaf', ,Large sweet leaves
Basil 'Lettuce Leaf', ,Large sweet leaves
Basil 'Lettuce Leaf', ,Large sweet leaves
Basil 'Lettuce Leaf', ,Large sweet leaves
Basil 'Chinese Sweet', ,Sweet lemony flavor
Basil 'Chinese Sweet', ,Sweet lemony flavor
Basil 'Profumo di Genova', ,"Clean, bright flavor"
Basil 'Profumo di Genova', ,"Clean, bright flavor"
Basil 'Profumo di Genova', ,"Clean, bright flavor"
Basil 'Profumo di Genova', ,"Clean, bright flavor"
Basil 'Italian Sweet', ,"Clean, bright flavor"
Basil 'Italian Sweet', ,"Clean, bright flavor"
Basil 'Italian Sweet', ,Great for sauces
Basil 'Italian Sweet', ,Great for sauces
Basil 'Italian Sweet', ,Great for sauces
Basil 'Italian Sweet', ,Great for sauces
Basil 'Italian Sweet', ,Great for sauces
Basil 'Italian Sweet', ,Great for sauces
Basil 'Italian Sweet', ,Great for sauces
Basil 'Italian Sweet', ,Great for sauces
Basil 'Thai Holy Kaprao', ,Robust peppery taste
Basil 'Thai Holy Kaprao', ,Robust peppery taste
Mixed-shade Bluemink, ,Ageratum houstonianum 'Mixed Color'
Mixed-shade Bluemink, ,Ageratum houstonianum 'Mixed Color'
Mixed-shade Bluemink, ,Ageratum houstonianum 'Mixed Color'
Mixed-shade Bluemink, ,Ageratum houstonianum 'Mixed Color'
"Tomato, cherry-type",'Indigo Rose',Dark purple cherry tomato
"Tomato, cherry-type",'Indigo Rose',Dark purple cherry tomato
"Tomato, cherry-type",'Indigo Rose',Dark purple cherry tomato
"Tomato, cherry-type",'Indigo Rose',Dark purple cherry tomato
"Tomato, cherry-type",'Indigo Rose',Dark purple cherry tomato
"Tomato, cherry-type",'Indigo Rose',Dark purple cherry tomato
"Tomato, cherry-type",'Indigo Rose',Dark purple cherry tomato
"Tomato, cherry-type",'Indigo Rose',Dark purple cherry tomato
"Tomato, cherry-type",'Indigo Rose',Dark purple cherry tomato
"Tomato, cherry-type",'Indigo Rose',Dark purple cherry tomato
"Tomato, cherry-type",'Indigo Rose',Dark purple cherry tomato
"Tomato, cherry-type",'Indigo Rose',Dark purple cherry tomato
Basil 'Greek Dwarf', ,"Small leaves, savory flavor"
Basil 'Greek Dwarf', ,"Small leaves, savory flavor"
Basil 'Thai Sweet', ,Sweet and spicy
Basil 'Thai Sweet', ,Sweet and spicy
Basil 'Genovese', ,Perfect for pesto
Basil 'Genovese', ,Perfect for pesto
Basil 'Genovese', ,Perfect for pesto and sauces
Basil 'Genovese', ,Perfect for pesto and sauces
Basil 'Genovese', ,Perfect for pesto and sauces
Basil 'Genovese', ,Perfect for pesto and sauces
"Tomato, grape-type",'Glacier',"Semi-determinate, early-growing"
"Tomato, grape-type",'Glacier',"Semi-determinate, early-growing"
"Tomato, grape-type",'Glacier',"Semi-determinate, early-growing"
"Tomato, grape-type",'Glacier',"Semi-determinate, early-growing"
"Tomato, grape-type",'Glacier',"Semi-determinate, early-growing"
"Tomato, grape-type",'Glacier',"Semi-determinate, early-growing"
"Tomato, grape-type",'Glacier',"Semi-determinate, early-growing"
"Tomato, grape-type",'Glacier',"Semi-determinate, early-growing"
"Tomato, grape-type",'Glacier',"Semi-determinate, early-growing"
"Tomato, grape-type",'Glacier',"Semi-determinate, early-growing"
"Tomato, grape-type",'Glacier',"Semi-determinate, early-growing"
"Tomato, grape-type",'Glacier',"Semi-determinate, early-growing"
"Tomato, grape-type",'Glacier',"Semi-determinate, early-growing"
"Tomato, grape-type",'Glacier',"Semi-determinate, early-growing"
"Tomato, grape-type",'Glacier',"Semi-determinate, early-growing"
"Tomato, grape-type",'Glacier',"Semi-determinate, early-growing"
"Tomato, grape-type",'Glacier',"Semi-determinate, early-growing"
"Tomato, grape-type",'Glacier',"Semi-determinate, early-growing"
"Tomato, grape-type",'Glacier',"Semi-determinate, early-growing"
"Tomato, grape-type",'Glacier',"Semi-determinate, early-growing"
"Tomato, grape-type",'Glacier',"Semi-determinate, early-growing"
"Tomato, grape-type",'Glacier',"Semi-determinate, early-growing"
"Tomato, grape-type",'Glacier',"Semi-determinate, early-growing"
"Tomato, grape-type",'Glacier',"Semi-determinate, early-growing"
"Tomato, grape-type",'Glacier',"Semi-determinate, early-growing"
"Tomato, grape-type",'Glacier',"Semi-determinate, early-growing"
"Tomato, grape-type",'Glacier',"Semi-determinate, early-growing"
"Tomato, grape-type",'Glacier',"Semi-determinate, early-growing"
"Tomato, grape-type",'Glacier',"Semi-determinate, early-growing"
"Tomato, grape-type",'Glacier',"Semi-determinate, early-growing"
"Tomato, grape-type",'Glacier',"Semi-determinate, early-growing"
Sweet Pepper,'Ajvarski',"Red yellow or green, always sweet"
Sweet Pepper,'Red Cherry Sweet',"3,000-3,500 Scovilles"
Sweet Pepper,'Red Cherry Sweet',"3,000-3,500 Scovilles"
Sweet Pepper,'Red Cherry Sweet',"3,000-3,500 Scovilles"
Sweet Pepper,'Red Cherry Sweet',"3,000-3,500 Scovilles"
Sweet Pepper,'Red Cherry Sweet',"3,000-3,500 Scovilles"
Sweet Pepper,'Habanada',"Bright orange, no spice"
Bell Pepper,'Purple Beauty',"Crisp, deep purple"
Bell Pepper,'Purple Beauty',"Crisp, deep purple skin"
Sweet Pepper,'Red Cherry Sweet',"Round and red, no spice"
Sweet Pepper,'Red Cherry Sweet',"Round and red, no spice"
Sweet Pepp,'Red Cherry Sweet',"Round and red, no spice"
Sweet Pepper,'Red Cherry Sweet',"Round and red, no spice"
Sweet Pepper,'Red Cherry Sweet',"Round and red, no spice"
Sweet Pepper,'Red Cherry Sweet',"Round and red, no spice"
Sweet Pepper,'Red Cherry Sweet',"Round and red, no spice"
Sweet Pepper,'Red Cherry Sweet',"Round and red, no spice"
"Japanese Cucumber, hybrid",'Tasty Green' F1, 
Japanese Cucumber,'Tasty Green' F1 Hybrid, 
Japanese Cucumber,'Tasty Green' F1 Hybrid," Crisp, mildew-resistant"
Japanese Cucumber,'Tasty Green' F1 Hybrid," Crisp, mildew-resistant"
Cucumber,'Muncher',"Burpless, tender"
Summer Squash,'Zucchino Rampicante',Long italian climbing squash
Cantaloupe Melon,'Sakata Sweet',Sweet asian cantaloupe
Loofa,"Spongy, absorbent plant",Luffa
Loofah,"Spongy, absorbent plant",Luffa
Loofah,"Spongy, absorbent plant",Luffa sp.
Hybrid Pumpkin,'Charisma' F1 PMR,Powdery mildew resistant
Pumpkin,'Big Max',"Hefty, good for carving"
Pumpkin 'Big Max', ,"Hefty, good for carving"
Honeydew Melon, ,Classic honeydew
Cucumber 'Tendergreen', ,"Medium size, burpless"
"Cucumber, hybrid",'Tasty Green',"Medium size, burpless"
Hybrid Cucumber,'Tasty Green',Slender Japanese slicer
Hybrid Cucumber,'Tasty Green',Slender Japanese slicer-type
a,c
a,c
Hybrid Cucumber,'Tasty Green'
Japanese Cucumber,'Tasty Green'
Japanese Cucumber,"'Tasty Green', slicer-type"
Japanese Cucumber,"'Tasty Green', slicer-type"
Japanese Cucumber,"'Tasty Green', slicer-type"
Japanese Cucumber,"'Tasty Green', slicer-type"
Japanese Cucumber,"'Tasty Green', slicer-type"
Japanese Cucumber,"'Tasty Green', slicer-type"
Japanese Cucumber,"'Tasty Green', slicer-type"
Japanese Cucumber,"'Tasty Green', slicer-type"
Japanese Cucumber,"'Tasty Green', slicer-type"
Japanese Cucumber,"'Tasty Green', slicer-type"
Melon 'Crane',Cantaloupe-type
Melon 'Crane',Cantaloupe-type
Melon 'Crane',Cantaloupe-type
Melon 'Crane',Cantaloupe-type
Watermelon,'Moon and Stars'
Hybrid Cucumber,'Mini Me' F1
Cucumber 'Mini Me',"F1 Hybrid, snackable"
Cucumber 'Mini Me',"F1 Hybrid, bite-size"
Cucumber 'Mini Me',"F1 Hybrid, snack-size"
Cucumber 'Tendergreen',Burpless
Summer Squash 'Black Beauty',"Dark, burpless"
Cucamelon (Mexican Sour Gherkin),Small sour cucumbers
Maroon Cucumber,West Indian burr gherkin
Summer Squash 'Cucuzza',"Semi-determinate, early-growing"
Summer Squash 'Cucuzza',"Extremely long, firm"
Summer Squash / Zucchini,'Black Beauty'
Honeydew Melon,"Soft, sweet, and juicy"
New Zealand Spinach,Basella alba
New Zealand Malabar Spinach,Basella alba
Labrador Violet,Viola labradorica
Orange-scented Thyme,Thymus fragrantissimus
Oregano 'Hot and Spicy',Origanum vulgare 'Hot and Spicy'
Bush marigold,Tagetes lemmonii
Mexican Marigold,Tagetes lemmonii
Rober's Lemon Geranium,Pelargonium 'Rober's Lemon'
Fuchsia Begonia,Begonia fuchsioides
Pink Lady Inchplant,Callisia repens 'Pink Panther'
Pink Panther Inchplant,Callisia repens 'Pink Panther'
Pink Panther Inchplant,Callisia repens 'Pink Panther'
Three-colored Wandering Dude,Tradescantia tricolor
Tricolored Wandering Dude,Tradescantia tricolor
Tricolor Wandering Dude,Tradescantia tricolor
Sweet-scented Geranium,Pelargonium graveolens
Sweet-scented Geranium,Pelargonium graveolens
Silver Inchplant,Tradescantia zebrina
Purpletop Vervain,Verbena bonariensis
Blushing Tradescantia,Tradescantia 'Blushing Bride'
Porcelainflower,Hoya carnosa
Cebu Blue Pothos,Pinnatum 'Cebu Blue'
Indian Shot,Canna edulis
Cebu Blue Pothos,Epipremnum pinnatum
Cebu Blue Pothos,Epipremnum pinnatum
Cebu Blue Pothos,Epipremnum pinnatum
Orange Canna,Canna edulis 'Orange'
Orange Canna,Canna edulis 'Orange'
Orange Canna,Canna edulis 'Orange'
Orange Canna,Canna edulis 'Orange'
Orange Canna,Canna edulis 'Orange'
Orange Canna,Canna edulis 'Orange'
Golden Pothos,Epipremnum aureum
Pink African Mallow,Anisodontea 'Pink Princess'
Longevity Spinach,Gynura procumbens
Summer Squash 'Cucozelle',Italian Heirloom
Summer Squash 'Cocozelle',Italian Heirloom
Longevity Spinach,Gynura procumbens
Blushing Inchplant,Tradescantia pallida 'Blush'
Blushing Inchplant,Tradescantia pallida 'Blush'
Basil 'Greek Dwarf',"Small leaves, savory flavor"
Basil 'Italian Sweet',Great for sauces!
Syrian Oregano 'Za'atar',Origanum syriacum 'Za'atar'
Syrian Oregano 'Za'atar',Origanum syriacum 'Za'atar'
Syrian Oregano 'Za'atar',Origanum syriacum 'Za'atar'
Drop Dead Red Sunflower,Helianthus annuus hybrid
Drop Dead Red Sunflower,Helianthus annuus hybrid 'Drop Dead Red'
Drop Dead Red Sunflower,Helianthus annuus 'Drop Dead Red'
Red Hybrid Sunflower,Helianthus annuus 'Drop Dead Red'
Sunspot Dwarf Sunflower,Helianthus annuus 'Sunspot'
Balm of Gilead,Cedronella canariensis
Arizona Sun Blanketflower,Gaillardia ◊ grandiflora 'Arizona Sun'
Arizona Sun Blanketflower,Gaillardia ◊ grandiflora 'Arizona Sun'
Arizona Sun Blanketflower,Gaillardia x grandiflora 'Arizona Sun'
Arizona Sun Blanketflower,Gaillardia x grandiflora 'Arizona Sun'
French Lavender,Lavandula dentata
Garnet Beardtongue,Penstemon 'Garnet'
White Broadleaf Stonecrop,Sedum spathifolium 'Cape Blanco'
Mexican Cardinal Flower,Lobelia laxiflora
Peanut Cactus,Echinopsis chamaecereus
Pink Iceplant,Oscularia deltoid
Ghost-plant,Graptopetalum paraguayense
Moonstone,Pachyphytum oviferum
Round-leaved Navel-wort,Cotyledon orbiculata
Spear Head,Senecio kleiniiformis
White Ivy Geranium,Pelargonium peltatum 'White Flower'
White Ivy Geranium,Pelargonium peltatum 'White Flower'
"Strawflower, Tall Double Mix",Helichrysum bracteatum
"Strawflower, Tall Double Mix",Helichrysum bracteatum
Strawberry Mint,Mentha x piperita 'Strawberry'
Tomato 'Black Cherry',Sweet black cherry flavor
Tomato. plum-type 'Brad's Atomic Grape',Sweet black cherry flavor
Tomato 'Brad's Atomic Grape',"Plum-type, Multicolored, iridescent"
Tomato 'Brad's Atomic Grape',"Plum-type, multicolored, iridescent"
Tomato 'Blush',"Cherry-type, long, orange"
Chinese Artichoke,Stachys affinis
Chinese Artichoke,Stachys affinis
Trailing African Daisy,Osteospermum fruticosum
Lemon Verbena,Aloysia citrodora
Lemon Verbena,Aloysia citrodora
Lemon Verbena,Aloysia citrodora
Lemon Verbena,Aloysia citrodora
Lemon Verbena,Aloysia citrodora
Lemon Verbena,Aloysia citrodora
test,test
test,test
test,test
test,test
test,test
test,test
test,test
test,test
test,test
test,test
test,test
test,test
test,test
test,test
test,test
test,test
test,test
testaaaa,test
testaaaa,test
testaaaa,test
aaa,bbb
,bbb
awadawwa,awd
awadawwa,awd
awadawwa,awd
awadawwa,awd
awadawwa,awd
awadawwa,awd
awadawwa,awd
awadawwa,awd
awadawwa,awd
awadawwa,awd
awadawwa,awd
awadawwa,awd
awadawwa,awd
awadawwa,awd
awadawwa,awd
awadawwa,awd
awadawwa,awd
awadawwa,awd
awadawwa,awd
awadawwa,awd
awadawwa,awd
awadawwa,awd
awadawwa,awd
awadawwa,awd
awadawwa,awd
awadawwa,awd
awadawwa,awd
awadawwa,awd
awadawwa,awd
awadawwa,awd
awadawwa,awd
awadawwa,awd
awadawwa,awd
awadawwa,awd
awadaw,awd
awadaw,awd
awadaw,awd
awadaw,awd
awadaw,awd
awadaw,awd
awadaw,awd 
awadaw,awd
awadaw,awd
awadaw,awd
Dyer's Red Coreopsis,Coreopsis tinctoria 'Dyer's Red'
Dyer's Red Coreopsis,Coreopsis tinctoria 'Dyer's Red'
Dyer's Red Coreopsis,Coreopsis tinctoria 'Dyer's Red'
Dyer's Red Coreopsis,Coreopsis tinctoria 'Dyer's Red'
Dyer's Red Coreopsis,Coreopsis tinctoria 'Red'
Dyer's Red Coreopsis,Coreopsis tinctoria 'Red'
Dyer's Red Coreopsis,Petunia x atkinsiana hybrid
"Petunia, Garden Party Blend",Petunia x atkinsiana hybrid
Orange and Lime Queen Zinnia,Zinnia sp. 'Queen Lime Orange'
Zinnia Macarenia,Zinnia sp. 'Macarenia'
Zinnia 'Macarenia',Zinnia sp. 'Macarenia'
Coast Rosemary,Westringia fruticosa
Cucumber 'Painted Serpent',"Long, snakelike cucumbers"
Cucumber 'Painted Serpent',"Long, snakelike cucumbers   (P)"
Cucumber 'Painted Serpent',"Long, snakelike cucumbers       (P)"
Summer Squash 'Cube of Butter',"Yellow, creamy squash"
Herb Wormwood,Artemisia absinthium
Ginkgo,Ginkgo biloba
Canary Island Date Palm,Phoenix canariensis
Bower Vine,Pandorea jasminoides
Rosebud Pink Hybrid Sage,Salvia pulchella x involucrata
Amore Salmon Sage,Salvia 'Amore Salmon'
Forskohlii,Plectranthus barbatus
Gardenia,Gardenia jasminoides
White Ivy Geranium,Pelargonium peltatum 'White Flower'
Purple Heart Spiderwort,Tradescantia pallida 'Purple Heart'
Trailing Princess Flower,Centradenia floribunda
Trailing Princess Flower,Centradenia floribunda
Trailing Princess Flower,Centradenia floribunda
Trailing Princess Flower,Centradenia floribunda
Trailing Princess Flower,Centradenia floribunda
Trailing Princess Flower,Centradenia floribunda
Trailing Princess Flower,Centradenia floribunda
Trailing Princess Flower,Centradenia floribunda
Trailing Princess Flower,Centradenia floribunda
Trailing Princess Flower,Centradenia floribunda
Trailing Princess Flower,Centradenia floribunda
Trailing Princess Flower,Centradenia floribunda
Trailing Princess Flower,Centradenia floribunda
Trailing Princess Flower,Centradenia floribunda
Trailing Princess Flower,Centradenia floribunda
Trailing Princess Flower,Centradenia floribunda
Trailing Princess Flower,Centradenia floribunda
Trailing Princess Flower,Centradenia floribunda
Trailing Princess Flower,Centradenia floribunda
Trailing Princess Flower,Centradenia floribunda
Trailing Princess Flower,Centradenia floribunda
Trailing Princess Flower,Centradenia floribunda
Trailing Princess Flower,Centradenia floribunda
Trailing Princess Flower,Centradenia floribunda
Trailing Princess Flower,Centradenia floribunda
Trailing Princess Flower,Centradenia floribunda
Trailing Princess Flower,Centradenia floribunda
Trailing Princess Flower,Centradenia floribunda
Trailing Princess Flower,Centradenia floribunda
Trailing Princess Flower,Centradenia floribunda
Trailing Princess Flower,Centradenia floribunda
Trailing Princess Flower,Centradenia floribunda
Trailing Princess Flower,Centradenia floribunda
Trailing Princess Flower,Centradenia floribunda
Trailing Princess Flower,Centradenia floribunda
Trailing Princess Flower,Centradenia floribunda
Trailing Princess Flower,Centradenia floribunda
Trailing Princess Flower,Centradenia floribunda
Trailing Princess Flower,Centradenia floribunda
Trailing Princess Flower,Centradenia floribunda
Trailing Princess Flower,Centradenia floribunda
Trailing Princess Flower,Centradenia floribunda
Trailing Princess Flower,Centradenia floribunda
Trailing Princess Flower,Centradenia floribunda
Trailing Princess Flower,Centradenia floribunda
Trailing Princess Flower,Centradenia floribunda
Trailing Princess Flower,Centradenia floribunda
Trailing Princess Flower,Centradenia floribunda
Trailing Princess Flower,Centradenia floribunda
Trailing Princess Flower,Centradenia floribunda
Trailing Princess Flower,Centradenia floribunda
Trailing Princess Flower,Centradenia floribunda
Test,Subtest
Nixon Peace Fig,Ficus carica 'Nixon Peace'
Roeding #2 Fig,Ficus carica 'Roeding No. 2'
Kadota Fig,Ficus carica 'Kadota'
Kadota Fig,Ficus carica 'Kadota'
Panachee Fig,Ficus carica 'Panachee'
PanacheÈ Tiger Fig,Ficus carica 'Panachee'
PanacheÈ Tiger Fig,Ficus carica 'Panachee'
PanacheÈ Tiger Fig,Ficus carica 'Panachee'
PanacheÈ Tiger Fig,Ficus carica 'Panachee'
PanachÈe Tiger Fig,Ficus carica 'Panachee'
Igo Fig,Ficus carica 'Igo'
Brown Turkey Fig,Ficus carica 'Brown Turkey'
Saint Anthony Fig,Ficus carica 'St Anthony'
Tansy,Tanacetum vulgare
Tansy,Tanacetum vulgare
Tansy,Tanacetum vulgare
Tanacetum vulgare,Tanacetum vulgare
Tanacetum vulgare,"Tansy, medicinal herb"
Tanacetum vulgare,"Tansy, medicinal herb"
Tanacetum vulgare,"Tansy, medicinal herb"
Tanacetum vulgare,"Tansy, medicinal herb"
Tanacetum vulgare,"Tansy, medicinal herb"
Tanacetum vulgare,"Tansy, medicinal herb"
Tanacetum vulgare,"Tansy, medicinal herb"
Tanacetum vulgare,"Tansy, medicinal herb"
Tanacetum vulgare,"Tansy, medicinal herb"
Tanacetum vulgare,"Tansy, medicinal herb"
Tanacetum vulgare,"Tansy, medicinal herb"
Tanacetum vulgare,"Tansy, medicinal herb"
Tanacetum vulgare,"Tansy, medicinal herb"
Tanacetum vulgare,"Tansy, medicinal herb"
Tanacetum vulgare,"Tansy, medicinal herb"
Spilanthes acmella,Yellow Toothache Plant
Yellow Toothache Plant,Spilanthes acmella
Yellow Toothache Plant,Spilanthes acmella
Yellow Toothache Plant,Spilanthes acmella
Sweet Marjoram,Origanum marjorana
Greek Oregano,Origanum hirta
Thai Mint,Mentha arvensis 'Thai'
Oregano 'Hot and Spicy',Origanum vulgare 'Hot and Spicy'
Chocolate Mint,Mentha ◊ piperita 'Chocolate Mint'
Chocolate Mint,Mentha ◊ piperita 'Chocolate Mint'
Chocolate Mint,Mentha ◊ piperita 'Chocolate Mint'
Sweet Marjoram,Origanum majorana
Rosemary 'Container',Rosmarinus officinalis
Rosemary 'Container',Rosmarinus officinalis
Rosemary 'Container',Rosmarinus officinalis
Rosemary 'Container',Rosmarinus officinalis
Rosemary 'Container',Rosmarinus officinalis
Rosemary 'Container',Rosmarinus officinalis
Rosemary 'Container',Rosmarinus officinalis
Rosemary 'Container',Rosmarinus officinalis
Rosemary,Rosmarinus officinalis
Variegated Weeping Fig,Ficus benjamina 'Variegata'
Variegated Weeping Fig aaaaaaaaaaaaaaaaa,Ficus benjamina 'Variegata'
Variegated Weeping Fig aaaaaaaaaaa\naaaaaa,Ficus benjamina 'Variegata'
Variegated Weeping \nFig,Ficus benjamina 'Variegata'
Variegated Weeping \nFig,Ficus benjamina 'Variegata'
Variegated Weeping \nFig,Ficus benjamina 'Variegata'
Variegated Weeping Fig,Ficus benjamina 'Variegata'
Variegated Weeping Fig,Ficus benjamina 'Variegata'
Variegated Weeping\n Fig,Ficus benjamina 'Variegata'
Variegated Weeping\n Fig,Ficus benjamina 'Variegata'
Variegated Weeping\n Fig,Ficus benjamina 'Variegata'
Variegated Weeping\n  Fig,Ficus benjamina 'Variegata'
Variegated Weeping\n  Fig,Ficus benjamina 'Variegata'
Variegated Weeping\n    Fig,Ficus benjamina 'Variegata'
Variegated Weeping\n    Fig,Ficus benjamina 'Variegata'
Variegated Weeping\n    Fig,Ficus benjamina 'Variegata'
Variegated Weeping\n    Fig,Ficus benjamina 'Variegata'
Variegated Weeping\n    Fig,Ficus benjamina 'Variegata'
Variegated Weeping\n    Fig,Ficus benjamina 'Variegata'
Variegated Weeping\n    Fig,Ficus benjamina 'Variegata'
Variegated Weeping\n    Fig,Ficus benjamina 'Variegata'
Variegated Weeping\n    Fig,Ficus benjamina 'Variegata'
Variegated Weeping\n    Fig,Ficus benjamina 'Variegata'
Variegated Weeping\n    Fig,Ficus benjamina 'Variegata'
Variegated Weeping\n    Fig,Ficus benjamina 'Variegata'
Variegated Weeping Fig,'Variegata',Ficus benjamina 'Variegata'
Variegated Weeping Fig,'Variegata',Ficus benjamina 'Variegata'
Variegated Weeping Fig,'Variegata',Ficus benjamina 'Variegata'
Variegated Weeping Fig,'Variegata',Ficus benjamina 'Variegata'
Variegated Weeping Fig,'Variegata',Ficus benjamina 'Variegata'
Ficus benjamina,'Variegata',Variegated Weeping Fig
Ficus benjamina,'Variegata',Ficus benjamina
Variegated Weeping Fig,'Variegata',Ficus benjamina
Variegated Weeping Fig,'Variegata',Ficus benjamina 'Variegata'
Variegated Weeping Fig,,Ficus benjamina 'Variegata'
Dwarf Variegated,Weeping Fig,Ficus benjamina 'Variegata'
Dwarf Variegated,Weeping Fig,Ficus benjamina 'Variegata'
Dwarf Variegated,Weeping Fig,Teucrium fruticans 'Azureum'
Azure Bush Germander,,Teucrium fruticans 'Azureum'
Azure Bush Germander,,Teucrium fruticans 'Azureum'
Forskohlii,,Plectranthus barbatus
Burgundy Rubber Tree,,Ficus elastica 'Burgundy'
Mexican Lobelia,,Lobelia laxiflora
Common Myrtle,,Myrtus officinalis
Apricot Sprite Hyssop,,Agastache aurantiaca 'Apricot Sprite'
Orange Weeping Lantana,,Lantana montevidensis 'Orange Weeping'
Rabbit's Foot Fern,,Davallia fejeensis
Peace Lily,,Spathiphyllum cochlearispathum
Inca Queen Justicia,,Justicia sericea 'Inca Queen'
Inca Queen Justicia,,Justicia sericea 'Inca Queen'
Inca Queen Justicia,,Justicia sericea 'Inca Queen'
Inca Queen Justicia,,Justicia sericea 'Inca Queen'
Inca Queen Justicia,,Justicia sericea 'Inca Queen'
Inca Queen Justicia,,Justicia sericea 'Inca Queen'
Inca Queen Justicia,,Justicia sericea 'Inca Queen'
Golden-leaved Elderberry,,Sambucus nigra 'Golden-Leaved'
Beeblossom,,Gaura lindheimeri
Beeblossom,,Gaura lindheimeri
Purple Heart Spiderwort,,Tradescantia 'Purple Heart'
Condor Dragonfruit,,Hylocereus 'Condor'
Voodoo Child Dragonfruit,,Hylocereus 'Voodoo Child'
Jiaogulan (Immortality Herb),绞股蓝,Gynostemma pentaphyllum
Jiaogulan (Immortality Herb),,Gynostemma pentaphyllum
Pink African Mallow,,Anisodontea 'Pink Princess'
El Rayo African Mallow,,Anisodontea 'El Rayo'
Jamaica Cherry,,Muntingia calabura
Mad-dog Skullcap,,Scutellaria lateriflora
Red Sorrel,,Rumex sanguineus var. sanguineus
Purple Nightshade,,Solanum xanti
Dark Pink Beeblossom,,Gaura lindheimeri 'Dark Pink'
Pink Jasmine,,Jasminum polyanthum
Indian Mallow,'Michelle's Coral Pink',Albutilon
Coral Pink Indian Mallow,'Michelle's Coral Pink',Albutilon
Coral Pink Indian Mallow,'Michelle's Coral Pink',Albutilon
Coral Pink Indian Mallow,'Michelle's Coral Pink',Albutilon
Coral Pink Indian Mallow,,Albutilon 'Michelle's Coral Pink'
Chinese Wisteria,,Wisteria sinensis
Double Purple Chrysanthemum,,Chrysanthemum 'Double purple'
Lacy Black Elderberry,,Sambucus nigra 'Lacy Black'
Lacy Black Elderberry,,Sambucus nigra 'Lacy Black'
Cerise Queen Yarrow,,Achillea millefolium 'Cerise Queen'
Cerise Queen Yarrow,,Achillea millefolium 'Cerise Queen'
Cerise Queen Yarrow,,Achillea millefolium 'Cerise Queen'
Lemon Verbena,,Aloysia citradora
Golden Dewdrop,,Duranta erecta
Golden Dewdrop,,Duranta erecta
Golden Dewdrop,,Chrysanthemum 'LaBelle Bronze Bicolor'
Double-bronze Chrysanthemum,,Chrysanthemum 'Bronze Bicolor'
Double-bronze Chrysanthemum,,Chrysanthemum 'Bronze Bicolor'
Blue Viper's Bugloss,,Echium webii
Blue Viper Echium,,Echium webii
Tequila Sage,,Salvia gesneriiflora 'Tequila'
Tequila Sage,,Salvia gesneriiflora 'Tequila'
Tequila Sage,,Hibiscus syriacus 'Pink Candycane Ruffle'
Ruffled Pink Candycane Hibiscus,,Hibiscus syriacus 'Pink Candycane Ruffle'
Ruffled Pink Candycane Hibiscus,,Hibiscus syriacus 'Pink Candycane Ruffle'
Hibiscus,'Pink Candycane Ruffle',Hibiscus syriacus
Hibiscus,'Pink Candycane Ruffle',Hibiscus syriacus
Hibiscus,'Pink Candycane Ruffle',Hibiscus syriacus
Annual Honesty Plant,,Lunnaria annua
Annual Honesty Plant,,Lunaria annua
Pineapple Sage,,Salvia elegans
Pearl Yarrow,'Double Diamond',Achillea millefolium 'Double Diamond'
Californian White Sage,,Salvia apiana
Californian White Sage,,Salvia apiana
Californian White Sage,,Salvia apiana
Grecian Bay,,Laurus nobilis
Grecian Bay,'Bronze and Purple,Osteospermum fruticosum
Grecian Bay,'Bronze and Purple,Osteospermum fruticosum
,'Bronze and Purple',Osteospermum fruticosum
African Daisy,'Bronze and Purple',Osteospermum fruticosum
Trailing African Daisy,'Bronze and Purple',Osteospermum fruticosum
Trailing African Daisy,'Bronze and Purple',Osteospermum fruticosum
Dwarf Lion's Tail,,Leonotis leonurus
Nerium,'White',Nerium oleander 'White'
White Nerium,'White',Nerium oleander 'White'
White Nerium,,Nerium oleander 'White'
Balm-of-Gilead,,Cedronella canariensis
Flowering Dogwood,,Cornus florida
Crape Myrtle,,Lagerstroemia indica
Crape Myrtle,"White, pink, or red flowers",Lagerstroemia indica
Crape Myrtle,"Has white, pink, or red flowers",Lagerstroemia indica
Calla Lily,,Zantedeschia sp.
Chinese Ephedra,,Ephedra sinica
Chinese Ephedra,,Ephedra sinica
Chinese Ephedra,,Ephedra sinica
Showy Milkweed,,Asclepias speciosa
Showy Milkweed,,Asclepias speciosa
Showy Milkweed,,Achillea sibirica subsp. camschatica
Siberian Yarrow,,Achillea sibirica subsp. camschatica
Siberian Yarrow,,Gaillardia × grandiflora 'Arizona Sun'
Arizona Sun Blanketflower,,Gaillardia × grandiflora 'Arizona Sun'
Arizona Sun Blanketflower,,Gaillardia × grandiflora 'Arizona Sun'
Arizona Sun Blanketflower,,Gaillardia × grandiflora 'Arizona Sun'
Arizona Sun Blanketflower,,Gaillardia × grandiflora 'Arizona Sun'
Medjool Date Palm,,Phoenix dactylifera 'Medjool'
Variegated Lavender,,Lavandula allardii 'Meerlo'
Narrowleaf Milkweed,,Asclepias fascicularis 
English Shrub Rose,,Rosa hybrida 'Windermere'
Apricot Rocktrumpet,,Mandevilla sp. 'Apricot'
Apricot Rocktrumpet,,Mandevilla sp. 'Apricot'
Gaiety Dianthus ,,Dianthus chinensis 'Gaiety'
Gaiety Dianthus ,,Dianthus chinensis 'Gaiety'
Gaiety Dianthus ,,Dianthus chinensis 'Gaiety'
Gaiety Dianthus ,,Dianthus chinensis 'Gaiety'
Red Plains Coreopsis,,Coreopsis tinctora 'Red'
Little Gem Lettuce,,Lactuca sativa 'Little Gem'
Little Gem Lettuce,,Lactuca sativa 'Little Gem'
Butter Crunch Lettuce,,Lactuca sativa 'Butter Crunch'
Buttercrunch Lettuce,,Lactuca sativa 'Buttercrunch'
Parris Island Cos Romaine Lettuce,,Lactuca sativa 'Parris Island Cos'
Romaine Lettuce,'Parris Island Cos',Lactuca sativa 'Parris Island Cos'
Red Deer-tongue Lettuce,,Lactuca sativa 'Red Deer-tongue'
Red Deer-tongue Lettuce,,Lactuca sativa 'Red Deer Tongue'
Red Lettuce,'New Red Fire',Lactuca sativa 'New Red Fire'
Red Fire Lettuce,'New Red Fire',Lactuca sativa 'New Red Fire'
Red Sails Lettuce,,Lactuca sativa 'Red Sails'
Red Sails Lettuce,,Lactuca sativa 'Red Sails'
Red Salad Bowl Lettuce,,Lactuca sativa 'Red Salad Bowl'
Snow Pea,'Dwarf White Sugar',Pisum sativum var. macrocarpon
Leek,'American Flag',Allium ampeloprasum
Leek,'American Flag',Allium ampeloprasum
Celery,'Conquistador',Apiaceae Apium graveolens var. dulce
Celery,'Conquistador',Apiaceae Apium graveolens var. dulce
Candytuft,Fairy Mix,Iberis umbellata
Bunching Onion,'White Lisbon',Allium cepa
Bunching Onion,'White Lisbon',Allium cepa
Broccoli,'Castle Dome',Brassica oleracea var. italica
Broccoli,'Castle Dome',Brassica oleracea var. italica
Broccoli,'Castle Dome',Brassica oleracea var. italica
Broccoli,'Castle Dome',Brassica oleracea var. italica
Hybrid Broccoli,'Aspabroc',Brassica oleracea var. italica
Hybrid Broccoli,'Aspabroc',Brassica oleracea var. italica
Hybrid Broccoli,'Aspabroc',Brassica oleracea var. italica
Hybrid Broccoli,'Aspabroc',Brassica oleracea var. italica
Hybrid Broccoli,'Gypsy',Brassica oleracea var. italica
Hybrid Broccoli,'Gypsy',Brassica oleracea var. italica
Hybrid Broccoli,'Gypsy',Brassica oleracea var. italica
Hybrid Broccoli,'Green Magic',Brassica oleracea var. italica
Romanesco Broccoli,'Green Magic',Brassica oleracea 'Romanesco'
Romanesco Broccoli,,Brassica oleracea 'Romanesco'
Romanesco Broccoli,Edible Fibbonacci Fractal,Brassica oleracea 'Romanesco'
Romanesco Broccoli,An edible Fibbonacci fractal,Brassica oleracea 'Romanesco'
Romanesco Broccoli,An edible Fibbonacci fractal,Brassica oleracea 'Romanesco'
Romanesco Broccoli,An edible Fibbonacci fractal,Brassica oleracea 'Romanesco'
Romanesco Broccoli,An edible Fibbonacci fractal,Brassica oleracea 'Romanesco'
Romanesco Broccoli,An edible Fibbonacci fractal,Brassica oleracea 'Romanesco'
Romanesco Broccoli,An edible Fibbonacci fractal,Brassica oleracea 'Romanesco'
Broccoli,'Solstice',Brassica oleracea var. italica
Broccoli,'Solstice',Brassica oleracea var. italica
Broccoli,'Solstice',Brassica oleracea var. italica
Broccoli,'Waltham 29',Brassica oleracea var. italica
Hybrid White Cabbage,'Katarina',Brassica oleracea var. italica
Hybrid White Cabbage,'Katarina',Brassica oleracea var. capitata
Hybrid White Cabbage,'Katarina',Brassica oleracea var. capitata
Hybrid White Cabbage,'Katarina',Brassica oleracea var. capitata
Red Cabbage,'Red Express',Brassica oleracea var. capitata f. rubra
Brussels Sprout,'Groninger',Brassica oleracea var. gemmifera
Cauliflower,'Amazing',Brassica oleracea var. botrytis
Cauliflower,'Green Macerata',Brassica oleracea var. botrytis
Cauliflower,'Purple of Sicily',Brassica oleracea var. botrytis
Purple Cauliflower,'Purple of Sicily',Brassica oleracea var. botrytis
Purple Cauliflower,'Purple of Sicily',Brassica oleracea var. botrytis
Purple Cauliflower,'Purple of Sicily',Brassica oleracea var. botrytis
Purple Cauliflower,'Purple of Sicily',Brassica oleracea var. botrytis
Hybrid Cauliflower,'Cheddar',Brassica oleracea var. botrytis
Hybrid Cauliflower,'Cheddar',Brassica oleracea var. botrytis
Hybrid Cauliflower,'Fioretto',Brassica oleracea var. botrytis
Hybrid Cauliflower,'Fioretto',Brassica oleracea var. botrytis
Hybrid Cauliflower,'Snow Crown' F1,Brassica oleracea var. botrytis
Hybrid Cauliflower,'Snow Crown' F1,Brassica oleracea var. botrytis
Amara Ethiopian Kale Mustard,,Brassica carinata
Amara Mustard,"AKA ""Ethiopian Kale""",Brassica carinata
Kale 'Lacinato',,Brassica oleracea var. palmifolia
Kale 'Lacinato',,Brassica oleracea var. palmifolia
Swiss Chard,'Ruby Red',Beta vulgaris L. var. cicla
Chinese Cabbage,'Nozaki',Brassica rapa
Chinese Cabbage (AKA Napa Cabbage),'Nozaki',Brassica rapa
Baby Kale,'Red Winter',Brassica oleracea var. acephala
Red Russian Kale,,Brassica napus va pabularia
Swiss Chard,'Bright Lights',Beta vulgaris L.
Swiss Chard,'Bright Lights',Beta vulgaris L.
Swiss Chard,'Fordhook Giant',Beta vulgaris L.
Swiss Chard,'Fordhook Giant',Beta vulgaris L.
Swiss Chard,'Fordhook Giant',Beta vulgaris L.
Swiss Chard,'Ruby Red',Beta vulgaris
Swiss Chard,'El Dorado',Beta vulgaris
Swiss Chard,'Yellow Chard',Beta vulgaris
Swiss Chard,'Yellow',Beta vulgaris
Swiss Chard,'Yellow',Beta vulgaris
Swiss Chard,'Yellow',Beta vulgaris
Lettuce,'Brushed Butter',Lactuca sativa
Lettuce,'Brushed Butter',Lactuca sativa
Lettuce,'Brushed Butter',Lactuca sativa
Lettuce,'Buttercrunch',Lactuca sativa
Lettuce,'Buttercrunch',Lactuca sativa
Lettuce,'Buttercrunch',Lactuca sativa
Bunching Onion,'Evergreen',Allium fistulosum
Bunching Onion,'Evergreen',Allium fistulosum
Bunching Onion,White Lisbon',Allium fistulosum
Bunching Onion,'White Lisbon',Allium fistulosum
Portodora Elephant's Ear,'White Lisbon',Alocasia 'Portadora'
Portodora Elephant's Ear,,Alocasia 'Portadora'
Portodora Elephant's Ear,,Alocasia 'Portodora'
Black Coral Taro,,Colocasia esculenta 'Black Coral'
Black Coral Taro,,Colocasia esculenta 'Black Coral'
Buddha's hand,,Alocasia cucullata
Buddha's hand,,Alocasia cucullata
Mexican Snowball Afterglow,,Echeveria 'Afterglow'
Cannalily 'Wilder',,Canna indica 'Wilder'
Wilder Cannalily,,Canna 'Wilder'
Wilderland Cannalily,,Canna 'Wilderland'
Wilderland Cannalily,,Canna 'Wilderland'
Happy Wilder Cannalily,,Canna 'Happy Wilder'
Happy Wilder Cannalily,,Canna 'Happy Wilder'
Salmon Pink Canna,,Canna x generalis 'Salmon Pink'
Salmon Pink Canna,,Canna x generalis 'Salmon Pink'
Salmon Pink Canna,,Canna x generalis 'Salmon Pink'
Salmon Pink Canna,,Canna x generalis 'Salmon Pink'
Bronze-Orange Canna,,Canna x generalis 'Bronze Orange'
Red Indian Shot,'Red',Canna x edulis
Red Indian Shot,'Red',Canna edulis
Red Indian Shot,,Canna edulis 'Red'
African Sunset Cannalily,,Canna 'African Sunset'
Mossy Saxifrage,'Early Alpine',Saxifraga x arendsii
Angelina Stonecrop,,Sedum rupestre 'Angelina'
Angelina Stonecrop,,Sedum rupestre 'Angelina'
'Great Expectations' Plaintain Lily,,Hosta 'Great Expectations'
Plaintain Lily,'Great Expectations',Hosta 'Great Expectations'
Plaintain Lily,'Great Expectations',Hosta 'Great Expectations'
Plaintain Lily,'Great Expectations',Hosta 'Great Expectations'
Plaintain Lily,'Great Expectations',Hosta 'Great Expectations'
Lime Sparkle Stonecrop,,Sedum 'Lime Sparkle'
Lime Sparkle Stonecrop,,Sedum 'Lime Sparkle'
Mexican Marigold,,Tagetes lemmonii
Arizona Apricot Blanketflower,,Gaillardia × grandiflora 'Arizona Apricot'
Incredible Swirl Coreopsis,,Coreopsis 'Incredible Swirl'
Lance-leaved Coreopsis,,Coreopsis lanceolata
Lance-leaved Coreopsis,,Leucanthemum × superbum
Shasta Daisy,,Leucanthemum × superbum
Purple Coneflower,,Echinacea purpurea
Pale Purple Coneflower,,Echinacea pallida
Red Chrysanthemum,,Chrysanthemum 'Red'
Yellow Chrysanthemum,,Chrysanthemum 'Yellow'
Yellow Chrysanthemum,,Chrysanthemum 'Yellow'
Chrysanthemum,Scarlet with golden striations,Chrysanthemum 'Scarlet Gold'
Hot Coral Coneflower,,Echinacea 'Hot Coral'
Pride of Madeira,,Echium candicans syn. fastuosum
Brown Turkey Fig,,Ficus carica 'Brown Turkey'
Jurupa Fig,,Ficus carica 'Jurupa'
Atreano Fig,,Ficus carica 'Atreano'
Atreano Fig,,Ficus carica 'Atreano'
Atreano Fig,,Ficus carica 'Atreano'
Jurupa Fig,,Ficus carica 'Jurupa'
Oakleigh Caprifig,,Ficus carica sylvestris 'Oakleigh'
Sandpaper Fig,,Ficus coronata
Violette de Bordeaux Fig,,Ficus carica 'Violette de Bordeaux'
Tauro Fig,,Ficus carica 'Tauro'
Tauro Fig,,Ficus carica 'Tauro'
Eversweet Pomegranate,,Punica granatum 'Eversweet'
Eversweet Pomegranate,,Punica granatum 'Eversweet'
Parfianka Pomegranate,,Punica granatum 'Parfianka'
Myatodzhy Pomegranate,,Punica granatum 'Myatodzhy'
Sakerdze Pomegranate,,Punica granatum 'Sakerdze'
Sakerdze Pomegranate,,Punica granatum 'Sakerdze'
Mae Pomegranate,,Punica granatum 'Mae'
Gissarskii Rozovyi Pomegranate,,Punica granatum 'Gissarskii Rozovyi'
Myatadzhy Pomegranate,,Punica granatum 'Myatadzhy'
White Pomegranate,,Punica granatum 'White'
White Mulberry,,Morus alba
Herb Wormwood,,Artemisia absinthium
Purple Chrysanthemum,,Chrysanthemum 'Purple'
Elderberry 'Madonna',,Sambucus nigra 'Madonna'
Elderberry 'Madonna',,Sambucus nigra 'Madonna'
Elderberry 'Madonna',,Sambucus nigra 'Madonna'
Elderberry 'Madonna',,Sambucus nigra 'Madonna'
Elderberry 'Madonna',,Sambucus nigra 'Madonna'
Simpleleaf Chastetree,,Vitex trifolia
Red Horsechestnut,,Aesculus x carnea
Mediterranean Fan Palm,,Chamaerops humilis
Mediterranean Fan Palm,,Chamaerops humilis
Mediterranean Fan Palm,,Chamaerops humilis
Bower Vine,,Pandorea jasminoides
Purple Mexican Bush Sage,,Salvia leucantha 'Purple'
Raspberry Butterfly Bush,,Buddleja davidii 'Razzle Dazzle'
Raspberry Butterfly Bush,,Buddleja davidii 'Razzle Dazzle'
Midnight Foxglove Beardtongue,,Penstemon 'Midnight'
Midnight Foxglove Beardtongue,,Penstemon 'Midnight'
Conadria Fig,,Ficus carica 'Conadria'
Conadria Fig,,Ficus carica 'Conadria'
Conadria Fig,,Ficus carica 'Conadria '
Conadria Fig,,Ficus carica  'Conadria'
Conadria Fig,,Ficus carica  'Conadria'
Conadria Fig,,Ficus carica  'Conadria'
Western Redbud,,Cercis occidentalis
Dwarf Daylily,,Stella ora
Sparkling White Wandflower,,Oenothera (Gaura) lindheimeri 'Sparkle White'
Sparkling White Wandflower,'Sparkle White',Oenothera (Gaura) lindheimeri
Sparkling White Wandflower,'Sparkle White',Oenothera (syn. Gaura) lindheimeri
English Lavender,'Sparkle White',Lavandula angustifolia 'Vera'
English Lavender,'Sparkle White',Lavandula angustifolia 'Vera'
English Lavender,,Lavandula angustifolia 'Vera'
Velvet Groundsel,,Roldana petasitis
Velvet Groundsel,,Roldana petasitis
Velvet Groundsel,,Roldana petasitis
Spanish Shawl,,Centradenia floribunda
Purpusii Inchplant,,Tradescantia zebrina 'Purpusii'
Turk's Cap,,Malvaviscus arboreus
Pink Lemonade Honeysuckle,'Pink Lemonade',Lonicera × heckrottii
Pink Lemonade Honeysuckle,'Pink Lemonade',Lonicera × heckrottii
Cape Jasmine,'Pink Lemonade',Gardenia jasminoides
Cape Jasmine,,Gardenia jasminoides
Creeping Charlie,,Plectranthus australis
Creeping Charlie,,Plectranthus australis
Mormon Tea,,Ephedra nevadensis
Mormon Tea,,Ephedra nevadensis
Mormon Tea,,Ephedra nevadensis
Mormon Tea,,Ephedra nevadensis
Sticky Monkey Flower,,Diplacus (Mimulus) aurantiacus
Sticky Monkey Flower,,Diplacus (syn. Mimulus) aurantiacus
Sticky Monkey Flower,,Diplacus (syn. Mimulus) aurantiacus
Sticky Monkey Flower,,Diplacus (Mimulus) aurantiacus
Sticky Monkey Flower,,Diplacus (Mimulus) aurantiacus
Culinary Sage,,Salvia officinalis
Culinary Sage,,Salvia officinalis
Culinary Sage,,Salvia officinalis
Culinary Sage,,Salvia officinalis
Culinary Sage,,Salvia officinalis
Culinary Sage,,Salvia officinalis
Culinary Sage,,Salvia officinalis
Strawberry Mint,,Mentha spicata 'Strawberry'
Spearmint,,Mentha spicata
Spearmint,,Mentha spicata
Spearmint,,Mentha spicata
Spearmint,,Mentha spicata
Spearmint,,Mentha spicata
Spearmint,,Mentha spicata
Spearmint,,Mentha spicata
Spearmint,,Mentha × piperita f. citrata 'Chocolate
Chocolate Mint,,Mentha × piperita f. citrata 'Chocolate'
Orange Mint,,Mentha × piperita f. citrata 'Orange'
Orange Mint,,Mentha × piperita f. citrata
Orange Mint,,Mentha × piperita f. citrata
Pear Mint,,Mentha × piperita 'Pear'
Pear Mint,,Mentha × piperita 'Pear'
Lavender Mint,,Mentha × piperita 'Lavender'
Spearmint,'Kentucky Colonel',Mentha spicata
Julep Mint,,Mentha spicata 'Julep'
Julep Mint,,Mentha × piperita f. citrata
Lime Mint,,Mentha × piperita f. citrata 'Lime'
Lime Mint,,Mentha × piperita f. citrata 'Lime'
Julep Mint,,Mentha spicata 'Julep'
Grapefruit Mint,,Mentha x piperita 'Grapefruit'
Red-Stemmed Peppermint,,Mentha x smithiana
Basil Mint,,Mentha x piperita 'Basil'
Russian Tarragon,,Artemisia dracunculus
Aztec Sweet Herb,,Phyla dulcis
Barbecue Rosemary,,Rosmarinus officinalis 'Barbecue'
Nicky's Pink Carnation,,Dianthus caryophyllus 'Nicky'
Purple Star Artichoke,'Imperial Star Purple',Cynara scolymus
Purple Imperial Star Artichoke,'Imperial Star Purple',Cynara cardunculus var. scolymus
"Dianthus, Fragrant Crimson",'Crimson',Dianthus barbatus
"Dianthus, Fragrant Crimson",,Dianthus barbatus 'Crimson'
Coppertone Stonecrop,,Sedum adolphi
Green Pinwheel,,Aeonium decorum
Purple Rose Succulent,,Aeonium arboreum 'Atropurpureum'
Chelsea Girl Marguerite Daisy,,Argyranthemum gracile 'Chelsea Girl'
Ghost Plant,,Graptopetalum paraguayense
Rock Purslane,,Calandrinia spectabilis
Rock Purslane,,Calandrinia spectabilis
Rock Purslane,,Calandrinia spectabilis
Mini Pine Tree Succulent,,Crassula tetragona
String of Bananas,,Curio radicans
String of Bananas,,Curio radicans
Roundleaved Navelwort,,Cotyledon orbiculata
Curly Jade Plant,,Crassula undulata
Shrubby Stonecrop,,Sedum praealtum
Fairy Crassula,,Crassula multicava
Sawtooth Aloe,,Aloe juvenna
Golden-Toothed Aloe,,Aloe × nobilis
Jade Plant,,Crassula ovata
Canary Islands Aeonium,,Aeonium canariense
Irish Beads,,Curio (Senecio) rowleyanus
Irish Beads,,Aloiampelos striatula (syn. Aloe striatula)
Hardy Aloe,,Aloiampelos striatula (syn. Aloe striatula)
Soap Aloe,,Aloe maculata
Rooiwortel,,Bulbine latifolia
Rooiwortel,,Bulbine latifolia
Orange Bulbine,,Bulbine frutescens 'Hallmark'
Orange Bulbine,,Bulbine frutescens 'Hallmark'
Orange Bulbine,,Bulbine frutescens 'Hallmark'
Foxtail Agave,,Agave attenuata
"Smooth Agave, Variegated",,Agave desmetiana 'Variegata'
Ballerina Aeonium,,Aeonium 'Ballerina'
Ballerina Aeonium,,Aeonium 'Ballerina'
Peruvian Groundcherry,,Physalis peruviana
Peruvian Groundcherry,,Physalis peruviana
Peruvian Groundcherry,,Physalis peruviana
Peruvian Groundcherry,,Physalis peruviana
Peruvian Groundcherry,,Physalis peruviana
Jiaogulan (Immortality Herb),,Gynostemma pentaphyllum
Moringa,,Moringa oleifera
Jamaica cherry,,Muntingia calabura
Toona,,Toona sinensis
Toona,,Toona sinensis
Toona,,Toona sinensis
Toona,,Toona sinensis
Fruiting Banana Variety,,Musa sp.
"Banana, Fruiting Variety",,Musa sp.
Dwarf Cavendish Banana,,Musa acuminata
Dwarf Cavendish Banana,,Musa acuminata
Dwarf Cavendish Banana,,Musa acuminata
Mysore Banana,,Musa sp. 'Mysore'
East-Indian Lemongrass,,Cymbopogon flexuosus
East-Indian Malabar Lemongrass,,Cymbopogon flexuosus
East-Indian Malabar Lemongrass,,Cymbopogon flexuosus
East-Indian Malabar Lemongrass,,Cymbopogon flexuosus
Patton Romaine Lettuce, Pythium wilt resistant,Lactuca sativa var. longifolia 'Patton'
Patton Romaine Lettuce,Pythium wilt resistant,Lactuca sativa var. longifolia 'Patton'
Patton Romaine Lettuce,Pythium wilt resistant variety,Lactuca sativa var. longifolia 'Patton'
Patton Romaine Lettuce,Pythium wilt resistant variety,Lactuca sativa var. longifolia 'Patton'
Patton Romaine Lettuce,Pythium wilt resistant variety,Lactuca sativa var. longifolia 'Patton'
Patton Romaine Lettuce,Pythium wilt resistant variety,Lactuca sativa var. longifolia 'Patton'
Romaine Lettuce 'Patton',Pythium wilt resistant variety,Lactuca sativa var. longifolia 'Patton'
Snap Pea,'Sugar Magnolia',Pisum sativum var. macrocarpon
Sugar Snow Pea,'Mammoth Melting',Pisum sativum var. macrocarpon
Snow Pea,'Dwarf White Sugar',Pisum sativum var. macrocarpon
Snap Pea,'Sugar Daddy',Pisum sativum var. macrocarpon
"Pea, 'Patio Pride'",,Pisum sativum
"Pea, 'Patio Pride'",,Pisum sativum
"Pea, 'Patio Pride'",,Pisum sativum
"Pea, Oregon Sugar Pod",,Pisum sativum 'Oregon Sugar Pod'
"Pea, Oregon Sugar Pod II",,Pisum sativum 'Oregon Sugar Pod II'
Alyssum 'Aphrodite Mix',,Lobularia maritima
Pink Surprise Calendula,,Calendula officinalis 'Pink Surprise' 
Pink Surprise Calendula,,Calendula officinalis 'Pink Surprise' 
Borage,,Borago officinalis
